{"_step":110,"Finetune/Step":110,"Finetune/Step Time":0.5798763036727905,"_wandb":{"runtime":65},"_runtime":65.484466691,"Finetune/Loss (Raw)":2.320599317550659,"Finetune/Learning Rate":5.5114362301776196e-08,"_timestamp":1.743627209547346e+09,"Finetune/Loss":5.70448637008667}