{"_timestamp":1.7442563492203472e+09,"Finetune/Step":41582,"Finetune/Loss (Raw)":1.1895225048065186,"Finetune/Learning Rate":1.048543775723561e-05,"_step":41582,"Finetune/Step Time":0.3602375090122223,"Finetune/Loss":1.5241491794586182,"_wandb":{"runtime":15337},"_runtime":15337.820992876}