{"_runtime":174.525573707,"Finetune/Step":295,"Finetune/Loss":2.4216744899749756,"Finetune/Step Time":0.5318217109888792,"_step":295,"_wandb":{"runtime":174},"Finetune/Loss (Raw)":2.102581024169922,"_timestamp":1.7440391903786635e+09,"Finetune/Learning Rate":5.912416073754885e-07}