{"Finetune/Loss (Raw)":2.170459508895874,"_runtime":47.759663739,"Finetune/Step":128,"_timestamp":1.7442388852318969e+09,"_step":128,"Finetune/Loss":3.037998914718628,"Finetune/Learning Rate":2.565387313358052e-07,"Finetune/Step Time":0.3563685826957226,"_wandb":{"runtime":47}}