{"_step":208,"_timestamp":1.7442374639854085e+09,"Finetune/Step":208,"Finetune/Step Time":0.22015464678406715,"_wandb":{"runtime":58},"Finetune/Loss":3.2628698348999023,"Finetune/Learning Rate":2.0843771921034175e-07,"_runtime":58.629374477,"Finetune/Loss (Raw)":7.838598728179932}