{"_runtime":1150.613598388,"_wandb":{"runtime":1150},"_step":3326,"_timestamp":1.7442401259816716e+09,"Finetune/Learning Rate":1.3333333333333333e-05,"Finetune/Loss (Raw)":2.5807085037231445,"Finetune/Step Time":0.3471805118024349,"Finetune/Loss":1.8630491495132446,"Finetune/Step":3326}