{"_runtime":45.489890272,"_step":61,"Finetune/Loss":4.872594833374023,"_timestamp":1.74423873469788e+09,"_wandb":{"runtime":45},"Finetune/Step Time":0.7020788231834036,"Finetune/Step":61,"Finetune/Learning Rate":6.112836957610983e-08,"Finetune/Loss (Raw)":3.242927312850952}