{"Finetune/Loss (Raw)":2.4825117588043213,"_runtime":263.841312551,"Finetune/Loss":1.9211528301239014,"Finetune/Learning Rate":5.533279871692061e-06,"Finetune/Step":690,"_timestamp":1.7442409253745282e+09,"_step":690,"_wandb":{"runtime":263},"Finetune/Step Time":0.3674934580922127}